{
  "creds": {
    "noiseKey": {
      "private": {
        "type": "Buffer",
        "data": "2OM1wzIWzOVN4EQD0rcJe9h7kWZ0mkSQTl9AwO871UM="
      },
      "public": {
        "type": "Buffer",
        "data": "uhsD3E2zL6Pfc2Z54zOtuEI4Yi9+Vb8NOU8NEHsvF2k="
      }
    },
    "signedIdentityKey": {
      "private": {
        "type": "Buffer",
        "data": "aAcCa7nhFUo/CKlKuptUMgOjZTbVvB7ErEpu9OJAf00="
      },
      "public": {
        "type": "Buffer",
        "data": "inGDVaLeb1sXd/LwKuti+VJDcl+hxPMJJUCBKlAGenc="
      }
    },
    "signedPreKey": {
      "keyPair": {
        "private": {
          "type": "Buffer",
          "data": "eC4gcX6zpNsfztVitQyvc49yOJ7jKLQnatoY7Jmip0M="
        },
        "public": {
          "type": "Buffer",
          "data": "edlRTSLiJcybpmAPaO6OkxeypGZTbbV+s7jPJwYpcl8="
        }
      },
      "signature": {
        "type": "Buffer",
        "data": "eEsvEuK5GNI++/qVrcy1zj1lv3p2DfgjMmdgzvvudeD63W+tvMWASvu148Jv8xIL084ne2jWG34uJEXz2RMPjA=="
      },
      "keyId": 1
    },
    "registrationId": 16,
    "advSecretKey": "doDgB+uu+hKE66J4nnrylIoTjoL0rtwBEb8Tn4f0eKo=",
    "nextPreKeyId": 31,
    "firstUnuploadedPreKeyId": 31,
    "serverHasPreKeys": true,
    "account": {
      "details": "CPjg9r0HEN3/kJ0GGAE=",
      "accountSignatureKey": "LN4LlRRZY1D0fYBF++FZaBv31Few0mua94l9541+8x8=",
      "accountSignature": "XxDxjIKIhUv93RQePd8SSTwOA4J7mKIenXaqPQr85hAmC2jzBf12Xj5HhgKZEMn0xiS9Fx+f6IpJLP9Mv1HgDw==",
      "deviceSignature": "/ukIm9iJ/k0yrd0BfqM/EkIcj44QgBIyvlflpgajafyZVLDsQu0wmpFqRZnNLt5gLXDtvX9lwErPAUqfq0r9gg=="
    },
    "me": {
      "id": "6285730078522:6@s.whatsapp.net",
      "verifiedName": "",
      "name": "𝗚𝘂𝘇𝘇 𝗕𝗼𝘁 𝗪𝗵𝗮𝘁𝘀𝗮𝗽𝗽"
    },
    "signalIdentities": [
      {
        "identifier": {
          "name": "6285730078522:6@s.whatsapp.net",
          "deviceId": 0
        },
        "identifierKey": {
          "type": "Buffer",
          "data": "BSzeC5UUWWNQ9H2ARfvhWWgb99RXsNJrmveJfeeNfvMf"
        }
      }
    ],
    "lastAccountSyncTimestamp": 1671708644
  },
  "keys": {
    "preKeys": {
      "1": {
        "private": {
          "type": "Buffer",
          "data": "wN+rzPU0h9XIEX/e2OMLaFSAyCeJYhCCJfsGNkR0+GQ="
        },
        "public": {
          "type": "Buffer",
          "data": "nZGdddwk8vQlP5kmPJddWTK1nU/vK8WueIeoiYcq6AA="
        }
      },
      "2": {
        "private": {
          "type": "Buffer",
          "data": "eF9JtdmNX79dfhe4hvJFIAg/2+Smm0693Tyo9cYKZkw="
        },
        "public": {
          "type": "Buffer",
          "data": "JP2q2s8OX9gYz0dtvKcVtmjYLwc6EtSzUkPNDinXwCw="
        }
      },
      "3": {
        "private": {
          "type": "Buffer",
          "data": "KKMrlxkLZYQ8W0GmZa8kQtZdGKwGdA3cDg4KLIiZYlE="
        },
        "public": {
          "type": "Buffer",
          "data": "7qAr9DoztIXDtFppy4lq2mJb3QMSJ3slw4AvWMyITGI="
        }
      },
      "4": {
        "private": {
          "type": "Buffer",
          "data": "4DlJhWOpyD7QfDqN34XycKBNyPRvThv6TJWmtOR8TEU="
        },
        "public": {
          "type": "Buffer",
          "data": "j4xBlCS1ZIzNXQ1hLuB9eQU/YMr9KBF+yQ36vpIXq00="
        }
      },
      "5": {
        "private": {
          "type": "Buffer",
          "data": "yPcd2zXZZb4YADclMHiB5yCC3RvDaDcyn+4okoALFXY="
        },
        "public": {
          "type": "Buffer",
          "data": "kwljTp8Mc1IGb9F4EZNYqGZRQaGR0GMHGRmZL0Hs61E="
        }
      },
      "6": {
        "private": {
          "type": "Buffer",
          "data": "6LzpMZ8SqkLhBuidFzSsjWd5DseoG03jK1Hn06biC2c="
        },
        "public": {
          "type": "Buffer",
          "data": "U4W05UKOJ2BUh4Gndj/amOo5vjvbtTAsceVYYn/0Rwo="
        }
      },
      "7": {
        "private": {
          "type": "Buffer",
          "data": "yBLOxA7QYGDAP1iDxkvHq2Id/ShasvO2Oz4QZM3wQGE="
        },
        "public": {
          "type": "Buffer",
          "data": "tdxRflPp/ZyQ7iFeB+fGbb9T+GXMdrevMGuFrf0L/FU="
        }
      },
      "8": {
        "private": {
          "type": "Buffer",
          "data": "uLxDnbg5QKy538akJkwhXvSNuNSVXyVoGW8wq57HFns="
        },
        "public": {
          "type": "Buffer",
          "data": "kOvWeUDnZ+OT4eVBkunpsu8Fx7nb9dr5mCJi9bzuZl8="
        }
      },
      "9": {
        "private": {
          "type": "Buffer",
          "data": "EOv9WHUg4blyMpnjzikRbQfLmDQrpRPj78CCFjDn7W0="
        },
        "public": {
          "type": "Buffer",
          "data": "WBMhOTaLfKymVIwJ2IB0iHoHlyDqcIYxg0R0j2JmPD4="
        }
      },
      "10": {
        "private": {
          "type": "Buffer",
          "data": "eKBxsAlSajSgkfcYRe64XXH8hjU5jPF/ih6uNGWOe0w="
        },
        "public": {
          "type": "Buffer",
          "data": "snpIGrG+bE3mS5g4lITHoZPk3lqVaDYLIfgwZCe06RM="
        }
      },
      "11": {
        "private": {
          "type": "Buffer",
          "data": "eMwiGDBN19dugv//Eh98olNooD4XpEVi66H6qz4XhFU="
        },
        "public": {
          "type": "Buffer",
          "data": "bAviaN4ZLZvBOfunseb2fcgLtHxAWKorZGwySybEY28="
        }
      },
      "12": {
        "private": {
          "type": "Buffer",
          "data": "GH5C6EFVS4WhrhKh1gMh5pEH+lOrFSF6LXZcvsvhkmU="
        },
        "public": {
          "type": "Buffer",
          "data": "U0SKcWV20Stfpq13oQjJ5MgzKwMxeMe2oNWtdH8qDFY="
        }
      },
      "13": {
        "private": {
          "type": "Buffer",
          "data": "AFrhqDtn40XVeQFI99rCe36hhB2Uol9rcczUhKgiPEA="
        },
        "public": {
          "type": "Buffer",
          "data": "QzOPE1raTLMDpuxV4KcKtP2L4uUjCcosBP1KNKHTjXw="
        }
      },
      "14": {
        "private": {
          "type": "Buffer",
          "data": "YA+MhyDhtx6Qm+F077OQNUTvVd0cT5FfjyAloRclFXI="
        },
        "public": {
          "type": "Buffer",
          "data": "O2D8sCk2ujyPuarQKUoa8Ywt5QAJINdaTrgoOj/oMTs="
        }
      },
      "15": {
        "private": {
          "type": "Buffer",
          "data": "QOM7HwCoU12FFHnGcefGT8odQ1ASvjtS7/62Jq5GMkM="
        },
        "public": {
          "type": "Buffer",
          "data": "JpWfVRmLmz3dnFt0NXaj/kmRkcXe0uUIyzv/5/s6Al4="
        }
      },
      "16": {
        "private": {
          "type": "Buffer",
          "data": "QJjSH3+7BmoVX2mkJbhpx5xQjNKYrp78hkx2nktGRHw="
        },
        "public": {
          "type": "Buffer",
          "data": "n/Ed1M0ymqDemLrTp8rbWFnZPAhCYrucUzz303EiljE="
        }
      },
      "17": {
        "private": {
          "type": "Buffer",
          "data": "GHlPvPZwcLiifHtj2ZpUlfwMi1O/NE417+vqvZKJR1k="
        },
        "public": {
          "type": "Buffer",
          "data": "zU8bC5v3IdmxGJHe4RMeMhCifEAS9hO+lsg2XoV9z2k="
        }
      },
      "18": {
        "private": {
          "type": "Buffer",
          "data": "UB5CDr2XYhYFD+ilrQKa3xVAsqmyV9OqXAv+P8NlfFU="
        },
        "public": {
          "type": "Buffer",
          "data": "tZ9hiuXWJPu0v54CF2b5Yv3+eTC/RUh2+sXTh46W7FQ="
        }
      },
      "19": {
        "private": {
          "type": "Buffer",
          "data": "sGf8y+itVjnIpzRe3MMbYLbar1qExW7Ofq2LVW7R/2U="
        },
        "public": {
          "type": "Buffer",
          "data": "mXJB5ujAuQJ1fmQBA43pr74wP7hkV039nAwCyliyTGY="
        }
      },
      "20": {
        "private": {
          "type": "Buffer",
          "data": "uB2Wj3q2Jy1OAIIxV7yRIxP6GYK+7ScHFW5JKNX2JmI="
        },
        "public": {
          "type": "Buffer",
          "data": "HjVZOj3QwFab+WrTPOedGi8W17cLPD4huGoEKh2jZTw="
        }
      },
      "21": {
        "private": {
          "type": "Buffer",
          "data": "eFMSQbBNu1em1S/nSckeaDmCE9am0VEPJn6MtE7+/mA="
        },
        "public": {
          "type": "Buffer",
          "data": "8+vN4VvjCrYIDwAxNITKt2Ze38EvW50eg7pARqSp6B8="
        }
      },
      "22": {
        "private": {
          "type": "Buffer",
          "data": "SPJ05JYR/VUZ/Zkuwqr+ndLrj6X+2rKRnINK/v4iRFE="
        },
        "public": {
          "type": "Buffer",
          "data": "XzFL93MfhFbQevjl93QnnPyZWSXGGRWx77jOPSjENQA="
        }
      },
      "23": {
        "private": {
          "type": "Buffer",
          "data": "IMKYxlDPGEIhcW7Lo1W9EZKVfWOdiFWNKsZQ2VTCm3M="
        },
        "public": {
          "type": "Buffer",
          "data": "B7mGc0cS/ELyoSRKD33LKvoKJVKXwbpXqnv/22U5thE="
        }
      },
      "24": {
        "private": {
          "type": "Buffer",
          "data": "eL/28bCaufiJaOQAXAg9WHa2fOZAPILI08qTMhIGrk0="
        },
        "public": {
          "type": "Buffer",
          "data": "T/ml4T5B4YuXJZx7rDyMxFxAnbgztxQ3bKaVlejfb00="
        }
      },
      "25": {
        "private": {
          "type": "Buffer",
          "data": "AII8yiRcXtB7K7vTBbcYWm4M7cL92xSrgwsaQI7QMHY="
        },
        "public": {
          "type": "Buffer",
          "data": "1UyWgnbi6HhUNMAV/ElZFxchUjb8MxHb8R6q2EmtE2w="
        }
      },
      "26": {
        "private": {
          "type": "Buffer",
          "data": "iNg2HzHSm4LzYiM4/dmPS5pGAT1OOU8GYSMJFtGeTEU="
        },
        "public": {
          "type": "Buffer",
          "data": "daKXj4fT93gdA3TWEzKvwNSuVdJmf7gsfHyv3773yBM="
        }
      },
      "27": {
        "private": {
          "type": "Buffer",
          "data": "ODTGxDqNKoq2m0UecqexyHWCLcXh8Z1cjOXVcpoDkHA="
        },
        "public": {
          "type": "Buffer",
          "data": "Jtw8ums5JHRg/MW/2Nldj7gT8iAXtkGO/LC8qcQQIQM="
        }
      },
      "28": null,
      "29": {
        "private": {
          "type": "Buffer",
          "data": "iAe/gOYxyw8q6XUmXwF2B5inEyJ08WAQcEIq5soVvHs="
        },
        "public": {
          "type": "Buffer",
          "data": "6f/Rdr6/rXWL7LIN0fMy0I/My12nTQCFjrmgKhPXoCc="
        }
      },
      "30": {
        "private": {
          "type": "Buffer",
          "data": "eNq8lMRJERKqNezcZjxMZRQte9faIIqv2X+EasAkO2w="
        },
        "public": {
          "type": "Buffer",
          "data": "hOn/svk6mUsu9IjmdD2sODh+xKHDIPsrytFz4onpEjc="
        }
      }
    },
    "sessions": {
      "6281546767925.0": {
        "_sessions": {
          "BSVqfYoR6quinMIlV+H+D2myz+mGKPDnyFbTIdgb5Lta": {
            "registrationId": 297772932,
            "currentRatchet": {
              "ephemeralKeyPair": {
                "pubKey": "Be8QyPammwlcv/7sKF3CWJq+9ru/MN8zXIknS9ngJm43",
                "privKey": "sLVbzbXcMYpM2/CqQc/kPutEo3vOU+BqmaotQMaAEk8="
              },
              "lastRemoteEphemeralKey": "BeOybN1m8UHjfk9v+OtRApiOEyBuEkIgwnWNXcxtvc06",
              "previousCounter": 0,
              "rootKey": "xbJU2rICKIuyIIRhwUT0n60DkvsO21oI7BpbaObfoWc="
            },
            "indexInfo": {
              "baseKey": "BSVqfYoR6quinMIlV+H+D2myz+mGKPDnyFbTIdgb5Lta",
              "baseKeyType": 2,
              "closed": -1,
              "used": 1671708646185,
              "created": 1671708646185,
              "remoteIdentityKey": "BSzeC5UUWWNQ9H2ARfvhWWgb99RXsNJrmveJfeeNfvMf"
            },
            "_chains": {
              "BeOybN1m8UHjfk9v+OtRApiOEyBuEkIgwnWNXcxtvc06": {
                "chainKey": {
                  "counter": 0,
                  "key": "WD7DjVbT4/Cy3Ofx5/+JYljq5BKR9KvwA+atUsTfeHQ="
                },
                "chainType": 2,
                "messageKeys": {}
              },
              "Be8QyPammwlcv/7sKF3CWJq+9ru/MN8zXIknS9ngJm43": {
                "chainKey": {
                  "counter": -1,
                  "key": "su5v+q09PcV7TgPELM2p0Kixr+PcG+3v9RNkEOSrTt4="
                },
                "chainType": 1,
                "messageKeys": {}
              }
            }
          }
        },
        "version": "v1"
      }
    }
  }
}